episode,t,action,reward,remaining_plays,remaining_discards,hand_before,cards,deck_remaining,advantage,subset
72,3,play,728.0,2,3,"[""2H"", ""11D"", ""12S"", ""9C"", ""2D"", ""11C"", ""11S"", ""11H""]","[""2H"", ""11D"", ""12S"", ""9C"", ""2D"", ""11C"", ""11S"", ""11H""]","[""6H"", ""7H"", ""9H"", ""1D"", ""4D"", ""5D"", ""7D"", ""8D"", ""10D"", ""12D"", ""1C"", ""2C"", ""5C"", ""6C"", ""8C"", ""12C"", ""5S"", ""6S"", ""8S"", ""10S""]",726.629196677059,play_top10
14,2,play,412.0,3,3,"[""13C"", ""13H"", ""12D"", ""13S"", ""12H"", ""5C"", ""7C"", ""9D""]","[""13C"", ""13H"", ""12D"", ""13S"", ""12H"", ""5C"", ""7C"", ""9D""]","[""3H"", ""4H"", ""5H"", ""8H"", ""9H"", ""10H"", ""1D"", ""2D"", ""3D"", ""5D"", ""6D"", ""13D"", ""1C"", ""3C"", ""4C"", ""6C"", ""8C"", ""10C"", ""11C"", ""12C"", ""1S"", ""2S"", ""3S"", ""4S"", ""5S"", ""6S"", ""10S"", ""11S""]",410.9861557719112,play_top10
25,4,play,408.0,1,3,"[""6S"", ""13C"", ""12S"", ""12D"", ""12H"", ""11D"", ""9H"", ""13H""]","[""6S"", ""13C"", ""12S"", ""12D"", ""12H"", ""11D"", ""9H"", ""13H""]","[""2H"", ""5H"", ""10H"", ""3D"", ""10D"", ""13D"", ""6C"", ""10C"", ""1S"", ""2S"", ""3S"", ""10S""]",406.85643899023535,play_top10
44,5,play,388.0,1,2,"[""1S"", ""11C"", ""4D"", ""9H"", ""11D"", ""12D"", ""12S"", ""11H""]","[""1S"", ""11C"", ""4D"", ""9H"", ""11D"", ""12D"", ""12S"", ""11H""]","[""1H"", ""8H"", ""9D"", ""2C"", ""4C"", ""5C"", ""8C"", ""4S""]",386.774136493206,play_top10
23,5,play,376.0,0,3,"[""9C"", ""12H"", ""4S"", ""9D"", ""1C"", ""13D"", ""12S"", ""12C""]","[""9C"", ""12H"", ""4S"", ""9D"", ""1C"", ""13D"", ""12S"", ""12C""]","[""1H"", ""6H"", ""11D"", ""6C""]",376.470400005579,play_top10
100,4,play,376.0,1,3,"[""9H"", ""12S"", ""7H"", ""12H"", ""9S"", ""6C"", ""13D"", ""12D""]","[""9H"", ""12S"", ""7H"", ""12H"", ""9S"", ""6C"", ""13D"", ""12D""]","[""7D"", ""9D"", ""2C"", ""3C"", ""8C"", ""11C"", ""1S"", ""3S"", ""4S"", ""6S"", ""7S"", ""10S""]",375.0484071564674,play_top10
56,3,play,372.0,2,3,"[""9C"", ""9H"", ""12H"", ""9S"", ""13S"", ""4H"", ""4C"", ""13H""]","[""9C"", ""9H"", ""12H"", ""9S"", ""13S"", ""4H"", ""4C"", ""13H""]","[""1H"", ""3H"", ""6H"", ""11H"", ""2D"", ""3D"", ""4D"", ""7D"", ""8D"", ""13D"", ""3C"", ""10C"", ""11C"", ""4S"", ""5S"", ""6S"", ""7S"", ""8S"", ""11S"", ""12S""]",370.8930557063222,play_top10
77,2,play,368.0,3,3,"[""10D"", ""10S"", ""11H"", ""11C"", ""6H"", ""4C"", ""10H"", ""5D""]","[""10D"", ""10S"", ""11H"", ""11C"", ""6H"", ""4C"", ""10H"", ""5D""]","[""1H"", ""2H"", ""3H"", ""4H"", ""5H"", ""8H"", ""12H"", ""2D"", ""3D"", ""4D"", ""6D"", ""7D"", ""8D"", ""9D"", ""12D"", ""1C"", ""3C"", ""5C"", ""7C"", ""8C"", ""10C"", ""1S"", ""2S"", ""6S"", ""7S"", ""9S"", ""11S"", ""12S""]",367.36268654733897,play_top10
76,8,play,360.0,0,0,"[""2C"", ""8S"", ""12S"", ""7D"", ""1D"", ""7H"", ""12D"", ""12C""]","[""2C"", ""8S"", ""12S"", ""7D"", ""1D"", ""7H"", ""12D"", ""12C""]",[],360.69114458560944,play_top10
11,8,play,356.0,0,0,"[""9D"", ""3C"", ""2S"", ""9C"", ""2D"", ""11C"", ""11S"", ""9S""]","[""9D"", ""3C"", ""2S"", ""9C"", ""2D"", ""11C"", ""11S"", ""9S""]",[],356.62318700551987,play_top10
61,6,play,352.0,1,1,"[""11H"", ""9C"", ""9S"", ""10H"", ""7D"", ""6D"", ""10S"", ""10C""]","[""11H"", ""9C"", ""9S"", ""10H"", ""7D"", ""6D"", ""10S"", ""10C""]","[""12H"", ""13H"", ""5S""]",350.483103801012,play_top10
34,3,play,348.0,2,3,"[""9H"", ""9C"", ""12D"", ""10S"", ""13S"", ""8C"", ""10H"", ""9S""]","[""9H"", ""9C"", ""12D"", ""10S"", ""13S"", ""8C"", ""10H"", ""9S""]","[""5H"", ""6H"", ""11H"", ""13H"", ""4D"", ""6D"", ""8D"", ""9D"", ""10D"", ""13D"", ""1C"", ""3C"", ""10C"", ""11C"", ""1S"", ""3S"", ""6S"", ""7S"", ""8S"", ""12S""]",346.8927515643835,play_top10
58,4,play,348.0,2,2,"[""2S"", ""4S"", ""4C"", ""13C"", ""2D"", ""13H"", ""2C"", ""13S""]","[""2S"", ""4S"", ""4C"", ""13C"", ""2D"", ""13H"", ""2C"", ""13S""]","[""2H"", ""5H"", ""7H"", ""8H"", ""9H"", ""1D"", ""12D"", ""13D"", ""5C"", ""6C"", ""9C"", ""10C"", ""12C"", ""3S"", ""6S""]",346.75156475275753,play_top10
51,6,play,344.0,0,2,"[""3S"", ""11S"", ""5S"", ""7C"", ""10S"", ""10H"", ""13S"", ""12S""]","[""3S"", ""11S"", ""5S"", ""7C"", ""10S"", ""10H"", ""13S"", ""12S""]",[],344.51551842689514,play_top10
85,4,play,340.0,2,2,"[""8S"", ""2H"", ""10H"", ""13S"", ""12H"", ""9D"", ""5C"", ""11D""]","[""8S"", ""2H"", ""10H"", ""13S"", ""12H"", ""9D"", ""5C"", ""11D""]","[""3H"", ""4H"", ""11H"", ""2D"", ""6D"", ""7D"", ""10D"", ""1C"", ""2C"", ""4C"", ""6C"", ""9C"", ""10C"", ""2S"", ""7S"", ""11S"", ""12S""]",339.66847860097886,play_top10
70,7,play,340.0,1,0,"[""6C"", ""10S"", ""3D"", ""9H"", ""7D"", ""13C"", ""12D"", ""11S""]","[""6C"", ""10S"", ""3D"", ""9H"", ""7D"", ""13C"", ""12D"", ""11S""]",[],339.6279601919651,play_top10
13,2,play,340.0,3,3,"[""8D"", ""12S"", ""10H"", ""3D"", ""11H"", ""10C"", ""9C"", ""13D""]","[""8D"", ""12S"", ""10H"", ""3D"", ""11H"", ""10C"", ""9C"", ""13D""]","[""1H"", ""2H"", ""4H"", ""7H"", ""8H"", ""9H"", ""2D"", ""5D"", ""9D"", ""10D"", ""11D"", ""1C"", ""2C"", ""3C"", ""4C"", ""5C"", ""6C"", ""7C"", ""11C"", ""12C"", ""13C"", ""1S"", ""2S"", ""7S"", ""8S"", ""9S"", ""10S"", ""13S""]",339.3761921867728,play_top10
94,4,play,340.0,2,2,"[""13S"", ""12S"", ""12D"", ""11S"", ""8D"", ""6H"", ""9H"", ""10D""]","[""13S"", ""12S"", ""12D"", ""11S"", ""8D"", ""6H"", ""9H"", ""10D""]","[""1H"", ""2H"", ""3H"", ""12H"", ""4D"", ""5D"", ""6D"", ""9D"", ""1C"", ""4C"", ""10C"", ""12C"", ""6S"", ""9S"", ""10S""]",339.3198610845208,play_top10
12,3,play,340.0,2,3,"[""10H"", ""6H"", ""12H"", ""13H"", ""10D"", ""7D"", ""9H"", ""13S""]","[""10H"", ""6H"", ""12H"", ""13H"", ""10D"", ""7D"", ""9H"", ""13S""]","[""1H"", ""3H"", ""4H"", ""5H"", ""7H"", ""3D"", ""6D"", ""12D"", ""13D"", ""2C"", ""3C"", ""5C"", ""6C"", ""9C"", ""10C"", ""2S"", ""4S"", ""6S"", ""7S"", ""11S""]",338.6666435903311,play_top10
87,4,play,336.0,2,2,"[""12H"", ""9S"", ""13H"", ""10C"", ""10H"", ""8H"", ""6H"", ""7D""]","[""12H"", ""9S"", ""13H"", ""10C"", ""10H"", ""8H"", ""6H"", ""7D""]","[""1H"", ""2H"", ""3H"", ""11H"", ""3D"", ""5D"", ""8D"", ""10D"", ""11D"", ""4C"", ""8C"", ""1S"", ""4S"", ""7S"", ""12S"", ""13S""]",335.19486610859633,play_top10
41,3,play,332.0,2,3,"[""13H"", ""8H"", ""12H"", ""6S"", ""5H"", ""6H"", ""9H"", ""2H""]","[""13H"", ""8H"", ""12H"", ""6S"", ""5H"", ""6H"", ""9H"", ""2H""]","[""7H"", ""10H"", ""11H"", ""4D"", ""5D"", ""10D"", ""13D"", ""2C"", ""3C"", ""4C"", ""6C"", ""9C"", ""11C"", ""12C"", ""2S"", ""5S"", ""7S"", ""9S"", ""11S"", ""12S""]",330.4595352527499,play_top10
88,3,play,328.0,2,3,"[""10C"", ""12H"", ""1D"", ""10D"", ""6D"", ""7H"", ""6S"", ""10S""]","[""10C"", ""12H"", ""1D"", ""10D"", ""6D"", ""7H"", ""6S"", ""10S""]","[""1H"", ""2H"", ""3H"", ""4H"", ""5H"", ""6H"", ""8H"", ""11H"", ""2D"", ""11D"", ""13D"", ""4C"", ""9C"", ""11C"", ""1S"", ""3S"", ""4S"", ""5S"", ""8S"", ""11S""]",327.37070258408784,play_top10
4,3,play,328.0,2,3,"[""12C"", ""9S"", ""3H"", ""11C"", ""13C"", ""8C"", ""3C"", ""11H""]","[""12C"", ""9S"", ""3H"", ""11C"", ""13C"", ""8C"", ""3C"", ""11H""]","[""2H"", ""4H"", ""5H"", ""6H"", ""7H"", ""12H"", ""2D"", ""6D"", ""7D"", ""8D"", ""10D"", ""1C"", ""2C"", ""5C"", ""6C"", ""3S"", ""6S"", ""7S"", ""10S"", ""12S""]",327.2742648835108,play_top10
11,4,play,324.0,1,3,"[""12H"", ""13H"", ""13S"", ""2H"", ""10H"", ""1H"", ""9H"", ""6C""]","[""12H"", ""13H"", ""13S"", ""2H"", ""10H"", ""1H"", ""9H"", ""6C""]","[""5H"", ""2D"", ""4D"", ""10D"", ""2C"", ""3C"", ""9C"", ""11C"", ""2S"", ""7S"", ""9S"", ""11S""]",322.984336296916,play_top10
8,6,play,320.0,0,2,"[""2D"", ""3S"", ""10H"", ""12S"", ""9S"", ""11H"", ""4S"", ""8H""]","[""2D"", ""3S"", ""10H"", ""12S"", ""9S"", ""11H"", ""4S"", ""8H""]",[],320.8030893802643,play_top10
46,8,play,320.0,0,0,"[""12H"", ""10D"", ""5D"", ""12D"", ""9C"", ""11C"", ""8D"", ""7S""]","[""12H"", ""10D"", ""5D"", ""12D"", ""9C"", ""11C"", ""8D"", ""7S""]",[],320.7091631889343,play_top10
2,2,play,320.0,3,3,"[""9D"", ""8H"", ""10C"", ""1S"", ""5H"", ""1C"", ""11S"", ""12H""]","[""9D"", ""8H"", ""10C"", ""1S"", ""5H"", ""1C"", ""11S"", ""12H""]","[""1H"", ""4H"", ""9H"", ""11H"", ""13H"", ""3D"", ""4D"", ""5D"", ""8D"", ""10D"", ""11D"", ""13D"", ""2C"", ""3C"", ""4C"", ""5C"", ""6C"", ""7C"", ""8C"", ""11C"", ""13C"", ""2S"", ""3S"", ""7S"", ""9S"", ""10S"", ""12S"", ""13S""]",319.7956067791581,play_top10
8,2,play,320.0,3,3,"[""8S"", ""12D"", ""11C"", ""10C"", ""9H"", ""6D"", ""4D"", ""1H""]","[""8S"", ""12D"", ""11C"", ""10C"", ""9H"", ""6D"", ""4D"", ""1H""]","[""3H"", ""4H"", ""6H"", ""8H"", ""10H"", ""11H"", ""12H"", ""13H"", ""1D"", ""2D"", ""5D"", ""7D"", ""8D"", ""11D"", ""2C"", ""3C"", ""5C"", ""7C"", ""8C"", ""13C"", ""2S"", ""3S"", ""4S"", ""5S"", ""7S"", ""9S"", ""10S"", ""12S""]",319.57717287939045,play_top10
55,1,play,320.0,4,3,"[""10S"", ""8D"", ""11D"", ""8C"", ""7D"", ""1S"", ""9H"", ""12H""]","[""10S"", ""8D"", ""11D"", ""8C"", ""7D"", ""1S"", ""9H"", ""12H""]","[""1H"", ""3H"", ""4H"", ""5H"", ""6H"", ""7H"", ""8H"", ""10H"", ""11H"", ""13H"", ""1D"", ""2D"", ""3D"", ""4D"", ""5D"", ""6D"", ""9D"", ""12D"", ""13D"", ""1C"", ""2C"", ""4C"", ""7C"", ""9C"", ""11C"", ""12C"", ""2S"", ""3S"", ""4S"", ""5S"", ""6S"", ""7S"", ""8S"", ""11S"", ""12S"", ""13S""]",319.3310921764374,play_top10
58,2,play,320.0,3,3,"[""10H"", ""12S"", ""1S"", ""9D"", ""8C"", ""10S"", ""12H"", ""11H""]","[""10H"", ""12S"", ""1S"", ""9D"", ""8C"", ""10S"", ""12H"", ""11H""]","[""2H"", ""3H"", ""4H"", ""5H"", ""7H"", ""8H"", ""9H"", ""13H"", ""1D"", ""2D"", ""4D"", ""10D"", ""12D"", ""13D"", ""2C"", ""3C"", ""5C"", ""6C"", ""7C"", ""9C"", ""10C"", ""12C"", ""13C"", ""3S"", ""6S"", ""8S"", ""11S"", ""13S""]",318.8592885787785,play_top10
10,7,play,316.0,0,1,"[""9H"", ""12H"", ""12S"", ""3H"", ""5D"", ""1D"", ""5C"", ""5H""]","[""9H"", ""12H"", ""12S"", ""3H"", ""5D"", ""1D"", ""5C"", ""5H""]",[],316.77291363477707,play_top10
6,3,play,316.0,2,3,"[""9D"", ""13D"", ""10D"", ""7D"", ""8H"", ""5D"", ""1C"", ""12C""]","[""9D"", ""13D"", ""10D"", ""7D"", ""8H"", ""5D"", ""1C"", ""12C""]","[""1H"", ""2H"", ""6H"", ""11H"", ""13H"", ""6D"", ""8D"", ""2C"", ""5C"", ""7C"", ""9C"", ""10C"", ""11C"", ""1S"", ""4S"", ""5S"", ""7S"", ""9S"", ""10S"", ""13S""]",315.20774074196817,play_top10
24,1,play,316.0,4,3,"[""7D"", ""9S"", ""7C"", ""3C"", ""9C"", ""13C"", ""4C"", ""11C""]","[""7D"", ""9S"", ""7C"", ""3C"", ""9C"", ""13C"", ""4C"", ""11C""]","[""2H"", ""4H"", ""5H"", ""6H"", ""8H"", ""9H"", ""10H"", ""11H"", ""12H"", ""13H"", ""1D"", ""2D"", ""3D"", ""4D"", ""5D"", ""6D"", ""9D"", ""10D"", ""11D"", ""12D"", ""13D"", ""1C"", ""2C"", ""6C"", ""8C"", ""10C"", ""12C"", ""1S"", ""4S"", ""5S"", ""6S"", ""7S"", ""10S"", ""11S"", ""12S"", ""13S""]",314.7791414183378,play_top10
83,2,play,312.0,3,3,"[""1D"", ""6H"", ""5H"", ""6D"", ""12H"", ""6C"", ""11H"", ""9H""]","[""1D"", ""6H"", ""5H"", ""6D"", ""12H"", ""6C"", ""11H"", ""9H""]","[""1H"", ""2H"", ""3H"", ""4H"", ""8H"", ""10H"", ""13H"", ""2D"", ""4D"", ""5D"", ""10D"", ""11D"", ""12D"", ""13D"", ""1C"", ""3C"", ""4C"", ""9C"", ""10C"", ""11C"", ""12C"", ""13C"", ""3S"", ""5S"", ""6S"", ""9S"", ""12S"", ""13S""]",312.0002297317982,play_top10
64,2,play,312.0,3,3,"[""10H"", ""10D"", ""11D"", ""10C"", ""4S"", ""5H"", ""6H"", ""4C""]","[""10H"", ""10D"", ""11D"", ""10C"", ""4S"", ""5H"", ""6H"", ""4C""]","[""1H"", ""2H"", ""4H"", ""9H"", ""11H"", ""13H"", ""1D"", ""2D"", ""4D"", ""5D"", ""6D"", ""7D"", ""8D"", ""13D"", ""1C"", ""2C"", ""3C"", ""6C"", ""8C"", ""9C"", ""13C"", ""1S"", ""2S"", ""5S"", ""8S"", ""9S"", ""11S"", ""12S""]",311.4446103051305,play_top10
38,4,play,312.0,1,3,"[""4C"", ""13H"", ""13D"", ""8D"", ""10H"", ""4H"", ""4D"", ""7D""]","[""4C"", ""13H"", ""13D"", ""8D"", ""10H"", ""4H"", ""4D"", ""7D""]","[""1H"", ""5H"", ""7H"", ""8H"", ""9H"", ""11H"", ""2C"", ""6C"", ""11C"", ""7S"", ""9S"", ""13S""]",311.357046431005,play_top10
1,1,play,312.0,4,3,"[""10D"", ""11D"", ""3C"", ""10C"", ""4H"", ""10S"", ""9C"", ""4D""]","[""10D"", ""11D"", ""3C"", ""10C"", ""4H"", ""10S"", ""9C"", ""4D""]","[""2H"", ""3H"", ""6H"", ""7H"", ""8H"", ""9H"", ""10H"", ""11H"", ""13H"", ""1D"", ""2D"", ""3D"", ""6D"", ""7D"", ""8D"", ""12D"", ""13D"", ""1C"", ""2C"", ""4C"", ""5C"", ""6C"", ""7C"", ""8C"", ""11C"", ""12C"", ""13C"", ""1S"", ""2S"", ""4S"", ""5S"", ""7S"", ""8S"", ""9S"", ""11S"", ""13S""]",311.22133449614046,play_top10
83,3,play,312.0,2,3,"[""7C"", ""9D"", ""4S"", ""7D"", ""8S"", ""8D"", ""5C"", ""8C""]","[""7C"", ""9D"", ""4S"", ""7D"", ""8S"", ""8D"", ""5C"", ""8C""]","[""1H"", ""2H"", ""3H"", ""8H"", ""10H"", ""13H"", ""2D"", ""4D"", ""5D"", ""10D"", ""11D"", ""3C"", ""4C"", ""9C"", ""10C"", ""13C"", ""3S"", ""9S"", ""12S"", ""13S""]",310.81537168234587,play_top10
54,1,play,308.0,4,3,"[""6D"", ""6H"", ""4D"", ""13D"", ""12D"", ""3C"", ""7D"", ""11C""]","[""6D"", ""6H"", ""4D"", ""13D"", ""12D"", ""3C"", ""7D"", ""11C""]","[""1H"", ""2H"", ""3H"", ""4H"", ""5H"", ""9H"", ""10H"", ""11H"", ""12H"", ""13H"", ""1D"", ""2D"", ""3D"", ""5D"", ""8D"", ""9D"", ""10D"", ""11D"", ""1C"", ""2C"", ""4C"", ""5C"", ""8C"", ""10C"", ""12C"", ""13C"", ""2S"", ""3S"", ""4S"", ""5S"", ""6S"", ""7S"", ""8S"", ""11S"", ""12S"", ""13S""]",307.69571776509287,play_top10
77,3,play,308.0,2,3,"[""8S"", ""6C"", ""9C"", ""13C"", ""12C"", ""13D"", ""9H"", ""2C""]","[""8S"", ""6C"", ""9C"", ""13C"", ""12C"", ""13D"", ""9H"", ""2C""]","[""1H"", ""2H"", ""4H"", ""5H"", ""8H"", ""12H"", ""3D"", ""6D"", ""7D"", ""8D"", ""9D"", ""1C"", ""3C"", ""5C"", ""7C"", ""8C"", ""10C"", ""6S"", ""9S"", ""11S""]",307.4212473198771,play_top10
21,5,play,304.0,1,2,"[""2S"", ""7H"", ""5H"", ""11H"", ""8H"", ""8S"", ""10H"", ""1D""]","[""2S"", ""7H"", ""5H"", ""11H"", ""8H"", ""8S"", ""10H"", ""1D""]","[""13H"", ""4D"", ""5D"", ""6D"", ""7D"", ""8D"", ""11D"", ""1C"", ""7S"", ""11S""]",303.6440695756674,play_top10
22,1,play,300.0,4,3,"[""11S"", ""7C"", ""10H"", ""9D"", ""8S"", ""13S"", ""6S"", ""4C""]","[""11S"", ""7C"", ""10H"", ""9D"", ""8S"", ""13S"", ""6S"", ""4C""]","[""1H"", ""3H"", ""4H"", ""5H"", ""6H"", ""8H"", ""9H"", ""11H"", ""12H"", ""13H"", ""1D"", ""3D"", ""4D"", ""5D"", ""6D"", ""7D"", ""8D"", ""11D"", ""12D"", ""1C"", ""3C"", ""5C"", ""6C"", ""8C"", ""9C"", ""10C"", ""11C"", ""12C"", ""13C"", ""2S"", ""4S"", ""5S"", ""7S"", ""9S"", ""10S"", ""12S""]",299.6912863010168,play_top10
72,2,play,296.0,3,3,"[""4H"", ""13C"", ""12H"", ""7S"", ""10H"", ""5H"", ""8H"", ""4C""]","[""4H"", ""13C"", ""12H"", ""7S"", ""10H"", ""5H"", ""8H"", ""4C""]","[""3H"", ""6H"", ""7H"", ""9H"", ""1D"", ""3D"", ""4D"", ""5D"", ""7D"", ""8D"", ""9D"", ""10D"", ""12D"", ""1C"", ""2C"", ""3C"", ""5C"", ""6C"", ""7C"", ""8C"", ""10C"", ""12C"", ""1S"", ""4S"", ""5S"", ""6S"", ""8S"", ""10S""]",296.0243089544773,play_top10
93,2,play,296.0,3,3,"[""4H"", ""11S"", ""5H"", ""4D"", ""6C"", ""11C"", ""4S"", ""10C""]","[""4H"", ""11S"", ""5H"", ""4D"", ""6C"", ""11C"", ""4S"", ""10C""]","[""1H"", ""3H"", ""7H"", ""10H"", ""12H"", ""13H"", ""1D"", ""2D"", ""3D"", ""6D"", ""7D"", ""8D"", ""11D"", ""12D"", ""13D"", ""1C"", ""3C"", ""5C"", ""8C"", ""9C"", ""1S"", ""3S"", ""5S"", ""6S"", ""8S"", ""9S"", ""10S"", ""12S""]",295.3747868338227,play_top10
38,1,play,296.0,4,3,"[""10D"", ""1C"", ""10C"", ""6D"", ""9C"", ""3D"", ""7C"", ""12C""]","[""10D"", ""1C"", ""10C"", ""6D"", ""9C"", ""3D"", ""7C"", ""12C""]","[""1H"", ""2H"", ""4H"", ""5H"", ""7H"", ""8H"", ""9H"", ""10H"", ""11H"", ""12H"", ""13H"", ""1D"", ""4D"", ""7D"", ""8D"", ""9D"", ""11D"", ""12D"", ""13D"", ""2C"", ""3C"", ""4C"", ""6C"", ""8C"", ""11C"", ""13C"", ""3S"", ""4S"", ""5S"", ""6S"", ""7S"", ""8S"", ""9S"", ""11S"", ""12S"", ""13S""]",295.0349265408516,play_top10
4,5,play,292.0,0,3,"[""7S"", ""10D"", ""7H"", ""6H"", ""8D"", ""6C"", ""4H"", ""7D""]","[""7S"", ""10D"", ""7H"", ""6H"", ""8D"", ""6C"", ""4H"", ""7D""]","[""5H"", ""12H"", ""2D"", ""6S""]",292.22497637569904,play_top10
6,2,play,292.0,3,3,"[""12S"", ""6S"", ""3S"", ""2D"", ""12D"", ""3H"", ""11D"", ""3C""]","[""12S"", ""6S"", ""3S"", ""2D"", ""12D"", ""3H"", ""11D"", ""3C""]","[""1H"", ""2H"", ""5H"", ""6H"", ""7H"", ""9H"", ""10H"", ""11H"", ""13H"", ""1D"", ""4D"", ""6D"", ""8D"", ""2C"", ""5C"", ""6C"", ""7C"", ""9C"", ""10C"", ""11C"", ""1S"", ""2S"", ""4S"", ""5S"", ""7S"", ""9S"", ""10S"", ""13S""]",291.84467381715774,play_top10
90,1,play,292.0,4,3,"[""7D"", ""10H"", ""11H"", ""6S"", ""7C"", ""3H"", ""13H"", ""1H""]","[""7D"", ""10H"", ""11H"", ""6S"", ""7C"", ""3H"", ""13H"", ""1H""]","[""2H"", ""4H"", ""5H"", ""6H"", ""8H"", ""9H"", ""12H"", ""1D"", ""2D"", ""3D"", ""4D"", ""5D"", ""8D"", ""9D"", ""10D"", ""11D"", ""12D"", ""13D"", ""4C"", ""6C"", ""8C"", ""9C"", ""10C"", ""11C"", ""12C"", ""1S"", ""2S"", ""3S"", ""4S"", ""5S"", ""7S"", ""8S"", ""9S"", ""10S"", ""11S"", ""12S""]",291.7510333812237,play_top10
99,1,play,292.0,4,3,"[""2D"", ""7S"", ""4S"", ""7D"", ""12S"", ""9D"", ""10S"", ""5S""]","[""2D"", ""7S"", ""4S"", ""7D"", ""12S"", ""9D"", ""10S"", ""5S""]","[""1H"", ""2H"", ""3H"", ""5H"", ""6H"", ""8H"", ""10H"", ""11H"", ""13H"", ""1D"", ""4D"", ""6D"", ""8D"", ""10D"", ""11D"", ""12D"", ""13D"", ""1C"", ""2C"", ""3C"", ""4C"", ""5C"", ""6C"", ""7C"", ""8C"", ""10C"", ""11C"", ""12C"", ""13C"", ""1S"", ""2S"", ""3S"", ""6S"", ""8S"", ""11S"", ""13S""]",291.1230343067646,play_top10
79,7,play,288.0,0,1,"[""1C"", ""1H"", ""13S"", ""10C"", ""11S"", ""10H"", ""2C"", ""10S""]","[""1C"", ""1H"", ""13S"", ""10C"", ""11S"", ""10H"", ""2C"", ""10S""]",[],288.69428008794785,play_top10
59,10,play,12.0,0,0,"[""2D"", ""7D"", ""1C"", ""8H"", ""6H""]","[""2D"", ""7D"", ""1C""]",[],13.170366644859314,play_bottom10
15,5,play,16.0,2,1,"[""9H"", ""11D"", ""2C"", ""4D"", ""7S"", ""7C"", ""5S"", ""6D""]","[""9H"", ""11D"", ""2C"", ""4D"", ""7C"", ""5S"", ""6D""]","[""2H"", ""3H"", ""5H"", ""7H"", ""8H"", ""10H"", ""11H"", ""13H"", ""5D"", ""7D"", ""8D"", ""9C"", ""12C"", ""3S"", ""11S""]",15.57599414229393,play_bottom10
61,2,play,16.0,3,3,"[""1H"", ""2D"", ""3C"", ""9D"", ""7S"", ""6S"", ""4C"", ""11C""]","[""1H"", ""2D"", ""3C"", ""9D"", ""7S"", ""6S"", ""4C"", ""11C""]","[""2H"", ""5H"", ""7H"", ""8H"", ""10H"", ""11H"", ""12H"", ""13H"", ""1D"", ""3D"", ""4D"", ""5D"", ""6D"", ""7D"", ""10D"", ""12D"", ""5C"", ""7C"", ""9C"", ""10C"", ""12C"", ""3S"", ""5S"", ""8S"", ""9S"", ""10S"", ""11S"", ""13S""]",15.740279473364351,play_bottom10
33,8,play,15.0,0,0,"[""5C"", ""6H"", ""4H"", ""9D"", ""10C"", ""7D"", ""1H"", ""10H""]","[""5C"", ""6H"", ""4H"", ""9D"", ""7D"", ""1H"", ""10H""]",[],15.872848391532898,play_bottom10
26,4,play,17.0,2,2,"[""6D"", ""12D"", ""2D"", ""1H"", ""7C"", ""4D"", ""3H"", ""8H""]","[""6D"", ""12D"", ""2D"", ""1H"", ""7C"", ""4D"", ""3H"", ""8H""]","[""5H"", ""10H"", ""13H"", ""3D"", ""11D"", ""3C"", ""9C"", ""10C"", ""11C"", ""12C"", ""3S"", ""5S"", ""10S"", ""12S""]",15.994902111291886,play_bottom10
37,2,play,17.0,3,3,"[""10D"", ""5H"", ""3S"", ""6S"", ""12D"", ""9D"", ""2H"", ""7H""]","[""10D"", ""5H"", ""3S"", ""6S"", ""12D"", ""9D"", ""2H"", ""7H""]","[""1H"", ""3H"", ""4H"", ""8H"", ""10H"", ""12H"", ""4D"", ""5D"", ""6D"", ""8D"", ""11D"", ""13D"", ""1C"", ""3C"", ""7C"", ""9C"", ""11C"", ""12C"", ""13C"", ""1S"", ""2S"", ""4S"", ""5S"", ""7S"", ""8S"", ""10S"", ""11S"", ""12S""]",16.528206035792827,play_bottom10
99,7,play,17.0,1,0,"[""1S"", ""10H"", ""12C"", ""6C"", ""8H"", ""2H"", ""5C"", ""8S""]","[""1S"", ""10H"", ""12C"", ""6C"", ""2H"", ""5C"", ""8S""]",[],16.891624530553816,play_bottom10
96,2,play,17.0,3,3,"[""10S"", ""11D"", ""1C"", ""12D"", ""6C"", ""7C"", ""3H"", ""9D""]","[""10S"", ""11D"", ""1C"", ""12D"", ""6C"", ""7C"", ""3H"", ""9D""]","[""4H"", ""5H"", ""9H"", ""10H"", ""13H"", ""1D"", ""2D"", ""3D"", ""5D"", ""7D"", ""8D"", ""10D"", ""2C"", ""3C"", ""4C"", ""5C"", ""8C"", ""9C"", ""11C"", ""12C"", ""1S"", ""2S"", ""3S"", ""6S"", ""7S"", ""8S"", ""12S"", ""13S""]",17.07006056278944,play_bottom10
59,1,play,18.0,4,3,"[""13D"", ""5D"", ""3H"", ""1S"", ""11C"", ""10H"", ""9D"", ""4S""]","[""13D"", ""5D"", ""3H"", ""1S"", ""11C"", ""10H"", ""9D"", ""4S""]","[""1H"", ""2H"", ""4H"", ""5H"", ""6H"", ""7H"", ""8H"", ""9H"", ""11H"", ""13H"", ""1D"", ""2D"", ""3D"", ""4D"", ""7D"", ""8D"", ""10D"", ""11D"", ""12D"", ""1C"", ""2C"", ""4C"", ""5C"", ""6C"", ""7C"", ""8C"", ""9C"", ""10C"", ""2S"", ""5S"", ""6S"", ""7S"", ""9S"", ""11S"", ""12S"", ""13S""]",17.394392682015894,play_bottom10
55,4,play,18.0,2,2,"[""2D"", ""13S"", ""4D"", ""11C"", ""4C"", ""5S"", ""9C"", ""1C""]","[""2D"", ""13S"", ""4D"", ""11C"", ""5S"", ""9C"", ""1C""]","[""1H"", ""3H"", ""4H"", ""5H"", ""7H"", ""11H"", ""13H"", ""3D"", ""5D"", ""6D"", ""9D"", ""12C"", ""2S"", ""4S"", ""11S"", ""12S""]",17.414672226309776,play_bottom10
37,1,play,18.0,4,3,"[""6C"", ""13S"", ""10C"", ""2D"", ""8C"", ""5C"", ""7D"", ""1D""]","[""6C"", ""13S"", ""10C"", ""2D"", ""8C"", ""5C"", ""7D"", ""1D""]","[""1H"", ""3H"", ""4H"", ""6H"", ""8H"", ""9H"", ""10H"", ""11H"", ""12H"", ""13H"", ""3D"", ""4D"", ""5D"", ""6D"", ""8D"", ""11D"", ""13D"", ""1C"", ""2C"", ""3C"", ""4C"", ""7C"", ""9C"", ""11C"", ""12C"", ""13C"", ""1S"", ""2S"", ""4S"", ""5S"", ""7S"", ""8S"", ""9S"", ""10S"", ""11S"", ""12S""]",17.442203692793846,play_bottom10
71,3,play,18.0,2,3,"[""1C"", ""6H"", ""8D"", ""7D"", ""13D"", ""4D"", ""12H"", ""9S""]","[""1C"", ""6H"", ""8D"", ""7D"", ""13D"", ""4D"", ""12H"", ""9S""]","[""3H"", ""5H"", ""7H"", ""8H"", ""1D"", ""2D"", ""3D"", ""5D"", ""10D"", ""11D"", ""12D"", ""5C"", ""6C"", ""9C"", ""12C"", ""2S"", ""3S"", ""4S"", ""5S"", ""11S""]",17.582569606900215,play_bottom10
87,2,play,18.0,3,3,"[""11S"", ""10S"", ""6D"", ""2S"", ""3C"", ""1C"", ""13D"", ""9C""]","[""11S"", ""10S"", ""6D"", ""2S"", ""3C"", ""1C"", ""13D"", ""9C""]","[""1H"", ""2H"", ""3H"", ""4H"", ""6H"", ""7H"", ""8H"", ""9H"", ""10H"", ""11H"", ""3D"", ""5D"", ""7D"", ""8D"", ""9D"", ""10D"", ""11D"", ""2C"", ""4C"", ""7C"", ""8C"", ""12C"", ""1S"", ""4S"", ""5S"", ""7S"", ""12S"", ""13S""]",17.63498178243637,play_bottom10
74,6,play,18.0,1,1,"[""10H"", ""3D"", ""9D"", ""12H"", ""7C"", ""13C"", ""6C"", ""2H""]","[""10H"", ""3D"", ""9D"", ""12H"", ""7C"", ""13C"", ""6C"", ""2H""]",[],17.678923192024232,play_bottom10
48,1,play,18.0,4,3,"[""12C"", ""13C"", ""11D"", ""8S"", ""5D"", ""3S"", ""9S"", ""2C""]","[""12C"", ""13C"", ""11D"", ""8S"", ""5D"", ""3S"", ""9S"", ""2C""]","[""1H"", ""2H"", ""3H"", ""4H"", ""6H"", ""7H"", ""8H"", ""9H"", ""11H"", ""12H"", ""13H"", ""1D"", ""2D"", ""3D"", ""4D"", ""6D"", ""8D"", ""9D"", ""10D"", ""1C"", ""4C"", ""5C"", ""8C"", ""9C"", ""10C"", ""11C"", ""1S"", ""2S"", ""4S"", ""5S"", ""6S"", ""7S"", ""10S"", ""11S"", ""12S"", ""13S""]",17.764554207026958,play_bottom10
36,4,play,18.0,1,3,"[""10D"", ""13S"", ""11S"", ""3H"", ""7C"", ""6C"", ""5S"", ""9H""]","[""10D"", ""13S"", ""11S"", ""3H"", ""7C"", ""6C"", ""5S"", ""9H""]","[""11H"", ""13H"", ""5D"", ""6D"", ""8D"", ""9D"", ""11D"", ""1C"", ""2C"", ""9C"", ""13C"", ""9S""]",17.77064515352249,play_bottom10
88,2,play,18.0,3,3,"[""3C"", ""13S"", ""2S"", ""8C"", ""12D"", ""7S"", ""5D"", ""6C""]","[""3C"", ""13S"", ""2S"", ""8C"", ""12D"", ""7S"", ""5D"", ""6C""]","[""1H"", ""2H"", ""3H"", ""4H"", ""5H"", ""6H"", ""8H"", ""10H"", ""11H"", ""2D"", ""3D"", ""7D"", ""9D"", ""11D"", ""13D"", ""2C"", ""4C"", ""5C"", ""9C"", ""11C"", ""12C"", ""13C"", ""1S"", ""3S"", ""4S"", ""5S"", ""8S"", ""11S""]",17.810211398303508,play_bottom10
35,2,play,18.0,3,3,"[""10S"", ""13H"", ""4D"", ""5D"", ""12H"", ""9S"", ""2D"", ""3D""]","[""10S"", ""13H"", ""4D"", ""5D"", ""12H"", ""9S"", ""2D"", ""3D""]","[""1H"", ""4H"", ""5H"", ""8H"", ""10H"", ""7D"", ""8D"", ""10D"", ""11D"", ""12D"", ""13D"", ""1C"", ""2C"", ""4C"", ""5C"", ""6C"", ""7C"", ""8C"", ""9C"", ""10C"", ""11C"", ""12C"", ""13C"", ""1S"", ""5S"", ""6S"", ""12S"", ""13S""]",17.81767321407795,play_bottom10
93,3,play,18.0,2,3,"[""5D"", ""9D"", ""13C"", ""4C"", ""10D"", ""2H"", ""8H"", ""6H""]","[""5D"", ""9D"", ""13C"", ""4C"", ""10D"", ""2H"", ""8H"", ""6H""]","[""1H"", ""3H"", ""7H"", ""10H"", ""12H"", ""13H"", ""1D"", ""2D"", ""6D"", ""11D"", ""12D"", ""1C"", ""8C"", ""9C"", ""1S"", ""3S"", ""5S"", ""9S"", ""10S"", ""12S""]",17.833206297270955,play_bottom10
44,2,play,18.0,3,3,"[""13S"", ""4H"", ""2H"", ""5S"", ""12C"", ""9C"", ""10H"", ""7S""]","[""13S"", ""4H"", ""2H"", ""5S"", ""12C"", ""9C"", ""10H"", ""7S""]","[""1H"", ""7H"", ""8H"", ""9H"", ""11H"", ""12H"", ""4D"", ""6D"", ""7D"", ""8D"", ""9D"", ""11D"", ""12D"", ""13D"", ""2C"", ""3C"", ""4C"", ""5C"", ""7C"", ""8C"", ""11C"", ""13C"", ""1S"", ""2S"", ""3S"", ""4S"", ""9S"", ""12S""]",17.836750902235508,play_bottom10
21,2,play,18.0,3,3,"[""11C"", ""1S"", ""5S"", ""8C"", ""3H"", ""13S"", ""10C"", ""12C""]","[""11C"", ""1S"", ""5S"", ""8C"", ""3H"", ""13S"", ""10C"", ""12C""]","[""1H"", ""2H"", ""5H"", ""7H"", ""8H"", ""9H"", ""10H"", ""11H"", ""13H"", ""1D"", ""3D"", ""4D"", ""5D"", ""6D"", ""7D"", ""8D"", ""9D"", ""11D"", ""12D"", ""1C"", ""2C"", ""3C"", ""2S"", ""3S"", ""6S"", ""7S"", ""8S"", ""11S""]",17.854394162893296,play_bottom10
85,7,play,17.0,0,1,"[""11H"", ""3H"", ""9C"", ""2D"", ""7D"", ""6C"", ""4H"", ""12S""]","[""11H"", ""3H"", ""9C"", ""2D"", ""7D"", ""6C"", ""4H"", ""12S""]",[],17.857327103614807,play_bottom10
8,4,play,18.0,2,2,"[""3D"", ""9D"", ""13S"", ""12C"", ""4H"", ""7C"", ""5D"", ""2S""]","[""3D"", ""9D"", ""13S"", ""12C"", ""4H"", ""7C"", ""5D"", ""2S""]","[""3H"", ""6H"", ""8H"", ""10H"", ""11H"", ""13H"", ""2D"", ""7D"", ""8D"", ""11D"", ""2C"", ""3S"", ""4S"", ""7S"", ""9S"", ""12S""]",17.93284354522824,play_bottom10
11,2,play,18.0,3,3,"[""3D"", ""7H"", ""13D"", ""8H"", ""10S"", ""11H"", ""4C"", ""6S""]","[""3D"", ""7H"", ""13D"", ""8H"", ""10S"", ""11H"", ""4C"", ""6S""]","[""1H"", ""2H"", ""5H"", ""6H"", ""9H"", ""10H"", ""12H"", ""13H"", ""1D"", ""2D"", ""4D"", ""8D"", ""9D"", ""10D"", ""12D"", ""1C"", ""2C"", ""3C"", ""6C"", ""7C"", ""9C"", ""10C"", ""11C"", ""2S"", ""7S"", ""9S"", ""11S"", ""13S""]",17.978851814568042,play_bottom10
66,1,play,18.0,4,3,"[""13C"", ""1C"", ""4H"", ""8D"", ""12D"", ""3H"", ""11D"", ""6D""]","[""13C"", ""1C"", ""4H"", ""8D"", ""12D"", ""3H"", ""11D"", ""6D""]","[""2H"", ""5H"", ""6H"", ""7H"", ""9H"", ""11H"", ""13H"", ""1D"", ""2D"", ""4D"", ""7D"", ""9D"", ""13D"", ""2C"", ""3C"", ""4C"", ""5C"", ""6C"", ""7C"", ""8C"", ""9C"", ""10C"", ""11C"", ""12C"", ""1S"", ""2S"", ""3S"", ""4S"", ""5S"", ""6S"", ""7S"", ""9S"", ""10S"", ""11S"", ""12S"", ""13S""]",17.98549390554428,play_bottom10
63,3,play,18.0,2,3,"[""5S"", ""2H"", ""7C"", ""10C"", ""3S"", ""13H"", ""9H"", ""11C""]","[""5S"", ""2H"", ""7C"", ""10C"", ""3S"", ""13H"", ""9H"", ""11C""]","[""3H"", ""8H"", ""11H"", ""1D"", ""2D"", ""3D"", ""7D"", ""9D"", ""10D"", ""12D"", ""1C"", ""3C"", ""6C"", ""8C"", ""9C"", ""13C"", ""2S"", ""4S"", ""7S"", ""10S""]",17.995896950513124,play_bottom10
25,1,play,18.0,4,3,"[""3C"", ""2D"", ""4D"", ""7H"", ""12C"", ""8S"", ""13S"", ""1C""]","[""3C"", ""2D"", ""4D"", ""7H"", ""12C"", ""8S"", ""13S"", ""1C""]","[""1H"", ""2H"", ""3H"", ""5H"", ""8H"", ""9H"", ""10H"", ""11H"", ""12H"", ""13H"", ""1D"", ""3D"", ""5D"", ""6D"", ""7D"", ""8D"", ""9D"", ""10D"", ""11D"", ""12D"", ""13D"", ""4C"", ""6C"", ""7C"", ""9C"", ""10C"", ""11C"", ""13C"", ""1S"", ""2S"", ""3S"", ""4S"", ""5S"", ""6S"", ""10S"", ""12S""]",18.03752330303192,play_bottom10
42,2,play,18.0,3,3,"[""12C"", ""10D"", ""5D"", ""7H"", ""1S"", ""11C"", ""8D"", ""13D""]","[""12C"", ""10D"", ""5D"", ""7H"", ""1S"", ""11C"", ""8D"", ""13D""]","[""1H"", ""3H"", ""6H"", ""8H"", ""9H"", ""11H"", ""12H"", ""13H"", ""1D"", ""2D"", ""4D"", ""6D"", ""7D"", ""9D"", ""12D"", ""1C"", ""4C"", ""5C"", ""6C"", ""7C"", ""9C"", ""2S"", ""4S"", ""6S"", ""7S"", ""8S"", ""9S"", ""12S""]",18.055130134224893,play_bottom10
50,1,play,18.0,4,3,"[""5C"", ""7C"", ""2H"", ""12C"", ""1D"", ""6S"", ""11D"", ""13D""]","[""5C"", ""7C"", ""2H"", ""12C"", ""1D"", ""6S"", ""11D"", ""13D""]","[""3H"", ""4H"", ""5H"", ""6H"", ""7H"", ""8H"", ""9H"", ""10H"", ""12H"", ""13H"", ""3D"", ""5D"", ""7D"", ""8D"", ""9D"", ""10D"", ""12D"", ""1C"", ""2C"", ""3C"", ""4C"", ""6C"", ""10C"", ""11C"", ""13C"", ""1S"", ""3S"", ""4S"", ""5S"", ""7S"", ""8S"", ""9S"", ""10S"", ""11S"", ""12S"", ""13S""]",18.083773782849313,play_bottom10
66,16,play,17.0,0,0,"[""8C"", ""1S"", ""2C"", ""7H"", ""13D"", ""12C"", ""5H"", ""9C""]","[""8C"", ""1S"", ""2C"", ""7H"", ""12C"", ""5H"", ""9C""]",[],18.126343846321102,play_bottom10
40,8,play,17.0,0,0,"[""3S"", ""12D"", ""6C"", ""4H""]","[""3S"", ""12D"", ""6C"", ""4H""]",[],18.1937038898468,play_bottom10
51,2,play,18.0,3,3,"[""2S"", ""13H"", ""4H"", ""8D"", ""5C"", ""6D"", ""9C"", ""11D""]","[""2S"", ""13H"", ""4H"", ""8D"", ""5C"", ""6D"", ""9C"", ""11D""]","[""1H"", ""2H"", ""5H"", ""6H"", ""9H"", ""10H"", ""11H"", ""4D"", ""13D"", ""1C"", ""2C"", ""3C"", ""4C"", ""7C"", ""8C"", ""10C"", ""11C"", ""13C"", ""1S"", ""3S"", ""5S"", ""6S"", ""7S"", ""9S"", ""10S"", ""11S"", ""12S"", ""13S""]",18.228395614624024,play_bottom10
16,1,play,18.0,4,3,"[""11S"", ""4S"", ""12S"", ""7H"", ""8D"", ""10C"", ""13C"", ""1H""]","[""11S"", ""4S"", ""12S"", ""7H"", ""8D"", ""10C"", ""13C"", ""1H""]","[""2H"", ""5H"", ""6H"", ""8H"", ""9H"", ""10H"", ""11H"", ""12H"", ""13H"", ""1D"", ""2D"", ""3D"", ""4D"", ""5D"", ""7D"", ""9D"", ""11D"", ""12D"", ""13D"", ""1C"", ""5C"", ""6C"", ""7C"", ""8C"", ""9C"", ""12C"", ""1S"", ""2S"", ""3S"", ""5S"", ""6S"", ""7S"", ""8S"", ""9S"", ""10S"", ""13S""]",18.31493978321552,play_bottom10
67,7,play,18.0,0,1,"[""4S"", ""12S"", ""5D"", ""10S"", ""13H"", ""6S"", ""7H"", ""1H""]","[""4S"", ""12S"", ""5D"", ""10S"", ""13H"", ""6S"", ""7H"", ""1H""]",[],18.74216216802597,play_bottom10
30,7,play,18.0,0,1,"[""5H"", ""13H"", ""10S"", ""11S"", ""6C"", ""4S"", ""12C"", ""1H""]","[""5H"", ""13H"", ""10S"", ""11S"", ""6C"", ""4S"", ""12C"", ""1H""]",[],18.801819562911987,play_bottom10
61,8,play,18.0,0,0,"[""11S"", ""7H"", ""1D"", ""3S"", ""12H"", ""13H"", ""5S""]","[""11S"", ""7H"", ""1D"", ""3S"", ""12H"", ""13H"", ""5S""]",[],18.88853883743286,play_bottom10
15,34,play,18.0,0,0,"[""5D"", ""11S"", ""2H"", ""13H"", ""9C"", ""3S"", ""10H"", ""8D""]","[""5D"", ""11S"", ""2H"", ""13H"", ""9C"", ""3S"", ""10H"", ""8D""]",[],19.02333867549896,play_bottom10
84,12,play,18.0,0,0,"[""5H"", ""1S"", ""3C"", ""7C"", ""12H"", ""8H"", ""4D"", ""13S""]","[""5H"", ""1S"", ""3C"", ""7C"", ""12H"", ""4D"", ""13S""]",[],19.06486666202545,play_bottom10
53,10,play,18.0,0,0,"[""7H"", ""5S"", ""13S""]","[""7H"", ""5S"", ""13S""]",[],19.115832448005676,play_bottom10
12,12,play,18.0,0,0,"[""7S"", ""3C"", ""10C"", ""4S"", ""9C"", ""5H"", ""13D"", ""2C""]","[""7S"", ""3C"", ""10C"", ""4S"", ""9C"", ""5H"", ""13D"", ""2C""]",[],19.138314366340637,play_bottom10
40,2,play,24.0,3,3,"[""1C"", ""1D"", ""12C"", ""5D"", ""10D"", ""9D"", ""2C"", ""3C""]","[""1C"", ""1D"", ""12C"", ""5D"", ""10D"", ""9D"", ""2C"", ""3C""]","[""2H"", ""4H"", ""5H"", ""6H"", ""9H"", ""11H"", ""12H"", ""2D"", ""3D"", ""6D"", ""7D"", ""8D"", ""12D"", ""13D"", ""4C"", ""6C"", ""7C"", ""8C"", ""9C"", ""10C"", ""11C"", ""2S"", ""3S"", ""7S"", ""9S"", ""10S"", ""12S"", ""13S""]",23.612852876484393,play_bottom10
100,3,play,24.0,2,3,"[""1H"", ""4C"", ""7C"", ""3D"", ""5S"", ""11H"", ""1D"", ""8H""]","[""1H"", ""4C"", ""7C"", ""3D"", ""5S"", ""11H"", ""1D"", ""8H""]","[""4H"", ""6H"", ""2D"", ""4D"", ""7D"", ""9D"", ""1C"", ""2C"", ""3C"", ""5C"", ""8C"", ""10C"", ""11C"", ""1S"", ""2S"", ""3S"", ""4S"", ""6S"", ""7S"", ""10S""]",24.02361978560686,play_bottom10
30,2,play,24.0,3,3,"[""13S"", ""5S"", ""1S"", ""7H"", ""1C"", ""9S"", ""3D"", ""8D""]","[""13S"", ""5S"", ""1S"", ""7H"", ""1C"", ""9S"", ""3D"", ""8D""]","[""1H"", ""2H"", ""5H"", ""6H"", ""8H"", ""9H"", ""13H"", ""5D"", ""7D"", ""11D"", ""13D"", ""2C"", ""3C"", ""5C"", ""6C"", ""7C"", ""8C"", ""9C"", ""10C"", ""11C"", ""12C"", ""2S"", ""4S"", ""6S"", ""7S"", ""10S"", ""11S"", ""12S""]",24.080898187160493,play_bottom10
34,6,play,24.0,0,2,"[""7S"", ""11H"", ""10C"", ""12S"", ""6S"", ""1S"", ""1C"", ""5H""]","[""7S"", ""11H"", ""10C"", ""12S"", ""1S"", ""1C"", ""5H""]","[""4D"", ""8S""]",24.634675979614254,play_bottom10
92,12,play,24.0,0,0,"[""4S"", ""1C"", ""9C"", ""10D"", ""7C"", ""6H"", ""1D"", ""13S""]","[""4S"", ""1C"", ""9C"", ""10D"", ""7C"", ""6H"", ""1D"", ""13S""]",[],25.20864498615265,play_bottom10
40,6,play,28.0,2,0,"[""6H"", ""2H"", ""11H"", ""13D"", ""2S"", ""8C"", ""3D"", ""12H""]","[""6H"", ""2H"", ""11H"", ""13D"", ""2S"", ""8C"", ""3D"", ""12H""]","[""4H"", ""12D"", ""6C"", ""3S""]",27.57688673079014,play_bottom10
23,3,play,28.0,2,3,"[""2S"", ""8S"", ""7C"", ""5D"", ""4H"", ""2C"", ""11H"", ""10H""]","[""2S"", ""8S"", ""7C"", ""5D"", ""4H"", ""2C"", ""11H"", ""10H""]","[""1H"", ""3H"", ""5H"", ""6H"", ""12H"", ""3D"", ""9D"", ""11D"", ""13D"", ""1C"", ""6C"", ""9C"", ""12C"", ""1S"", ""4S"", ""6S"", ""7S"", ""9S"", ""10S"", ""12S""]",27.657762036435305,play_bottom10
20,2,play,28.0,3,3,"[""4S"", ""2H"", ""2C"", ""1C"", ""6H"", ""7H"", ""9C"", ""3D""]","[""4S"", ""2H"", ""2C"", ""1C"", ""6H"", ""7H"", ""9C"", ""3D""]","[""3H"", ""5H"", ""8H"", ""10H"", ""11H"", ""13H"", ""1D"", ""2D"", ""4D"", ""5D"", ""7D"", ""9D"", ""13D"", ""4C"", ""5C"", ""7C"", ""8C"", ""10C"", ""12C"", ""13C"", ""1S"", ""5S"", ""7S"", ""8S"", ""9S"", ""10S"", ""11S"", ""13S""]",27.73274972110987,play_bottom10
67,3,play,28.0,2,3,"[""4H"", ""3C"", ""11H"", ""8H"", ""7C"", ""2C"", ""12C"", ""2H""]","[""4H"", ""3C"", ""11H"", ""8H"", ""7C"", ""2C"", ""12C"", ""2H""]","[""1H"", ""3H"", ""6H"", ""7H"", ""9H"", ""13H"", ""2D"", ""4D"", ""5D"", ""1C"", ""5C"", ""6C"", ""9C"", ""10C"", ""2S"", ""4S"", ""6S"", ""9S"", ""10S"", ""12S""]",27.749580714702606,play_bottom10
82,3,play,28.0,2,3,"[""13C"", ""7H"", ""2H"", ""1D"", ""9D"", ""2C"", ""5S"", ""10H""]","[""13C"", ""7H"", ""2H"", ""1D"", ""9D"", ""2C"", ""5S"", ""10H""]","[""3H"", ""4H"", ""6H"", ""9H"", ""4D"", ""7D"", ""11D"", ""1C"", ""4C"", ""5C"", ""8C"", ""11C"", ""1S"", ""2S"", ""3S"", ""4S"", ""7S"", ""11S"", ""12S"", ""13S""]",27.768498284816744,play_bottom10
85,3,discard,207.0,3,2,"[""3S"", ""8S"", ""2H"", ""7C"", ""10H"", ""3C"", ""13S"", ""12H""]","[""3S"", ""7C"", ""3C""]","[""3H"", ""4H"", ""7H"", ""8H"", ""11H"", ""2D"", ""6D"", ""7D"", ""8D"", ""10D"", ""12D"", ""13D"", ""1C"", ""2C"", ""4C"", ""6C"", ""9C"", ""10C"", ""13C"", ""1S"", ""2S"", ""6S"", ""7S"", ""11S"", ""12S""]",206.9247247739136,discard_top10
70,6,discard,184.0,2,0,"[""8C"", ""6C"", ""10S"", ""6H"", ""3S"", ""9S"", ""3D"", ""12S""]","[""8C"", ""6H"", ""3S"", ""9S"", ""12S""]","[""1H"", ""8H"", ""8D"", ""5C"", ""4S""]",183.74103596508505,discard_top10
58,3,discard,172.0,3,2,"[""8D"", ""2S"", ""3D"", ""9S"", ""4S"", ""6H"", ""11D"", ""4C""]","[""8D"", ""3D"", ""9S"", ""6H"", ""11D""]","[""2H"", ""3H"", ""4H"", ""5H"", ""7H"", ""8H"", ""9H"", ""1D"", ""4D"", ""10D"", ""12D"", ""13D"", ""3C"", ""5C"", ""6C"", ""7C"", ""9C"", ""10C"", ""12C"", ""3S"", ""6S"", ""8S"", ""11S""]",172.68068667590617,discard_top10
94,3,discard,172.0,3,2,"[""7S"", ""13S"", ""12S"", ""8C"", ""12D"", ""2C"", ""11C"", ""5C""]","[""7S"", ""8C"", ""2C"", ""11C"", ""5C""]","[""1H"", ""2H"", ""3H"", ""8H"", ""10H"", ""12H"", ""2D"", ""4D"", ""5D"", ""6D"", ""9D"", ""11D"", ""1C"", ""4C"", ""9C"", ""10C"", ""12C"", ""13C"", ""2S"", ""6S"", ""8S"", ""9S"", ""10S""]",171.95567944675685,discard_top10
10,4,discard,164.0,2,2,"[""3C"", ""1H"", ""9S"", ""4D"", ""6H"", ""2H"", ""4H"", ""10D""]","[""3C"", ""1H"", ""4D"", ""2H"", ""10D""]","[""3H"", ""5H"", ""9H"", ""10H"", ""12H"", ""1D"", ""2D"", ""5D"", ""8D"", ""9D"", ""13D"", ""5C"", ""9C"", ""7S"", ""12S""]",163.77379511326552,discard_top10
11,7,discard,152.0,1,0,"[""9D"", ""10D"", ""3C"", ""2S"", ""9C"", ""5H"", ""4D"", ""2C""]","[""10D"", ""5H"", ""4D"", ""2C""]",[],152.29223981082438,discard_top10
50,5,discard,140.0,1,2,"[""7S"", ""4H"", ""7D"", ""6C"", ""9S"", ""5D"", ""11C"", ""12S""]","[""7S"", ""5D"", ""11C"", ""12S""]","[""8H"", ""9H"", ""9D"", ""4C"", ""13C"", ""5S"", ""8S"", ""10S""]",139.922299554646,discard_top10
21,4,discard,132.0,2,2,"[""12D"", ""2S"", ""7H"", ""9D"", ""5H"", ""11H"", ""8H"", ""8S""]","[""12D"", ""9D""]","[""1H"", ""2H"", ""9H"", ""13H"", ""3D"", ""4D"", ""5D"", ""6D"", ""7D"", ""8D"", ""11D"", ""1C"", ""2C"", ""3C"", ""3S"", ""6S"", ""7S"", ""11S""]",131.94125176429748,discard_top10
32,3,discard,128.0,3,2,"[""6H"", ""6S"", ""2C"", ""1D"", ""10S"", ""1C"", ""3D"", ""11S""]","[""6H"", ""2C"", ""1D"", ""1C""]","[""1H"", ""4H"", ""8H"", ""10H"", ""12H"", ""4D"", ""5D"", ""6D"", ""8D"", ""12D"", ""13D"", ""3C"", ""4C"", ""5C"", ""6C"", ""8C"", ""11C"", ""13C"", ""1S"", ""2S"", ""4S"", ""5S"", ""12S"", ""13S""]",128.19511734336615,discard_top10
46,7,discard,120.0,1,0,"[""3S"", ""2H"", ""12H"", ""10D"", ""6S"", ""4S"", ""5D"", ""12D""]","[""3S"", ""2H"", ""6S"", ""4S""]",[],120.13683550596237,discard_top10
55,5,discard,112.0,2,1,"[""4C"", ""7S"", ""12D"", ""13D"", ""8H"", ""3S"", ""6H"", ""7C""]","[""4C"", ""13D"", ""3S"", ""7C""]","[""1H"", ""4H"", ""5H"", ""13H"", ""3D"", ""5D"", ""6D"", ""9D"", ""12C"", ""2S"", ""4S"", ""12S""]",112.20907767236233,discard_top10
9,6,discard,108.0,2,0,"[""4C"", ""6D"", ""2C"", ""7S"", ""10D"", ""6H"", ""1H"", ""8C""]","[""6D"", ""10D"", ""1H""]","[""4H"", ""11H"", ""3D"", ""4D"", ""12D"", ""13D"", ""1C"", ""11C"", ""13S""]",108.20576919078827,discard_top10
52,5,discard,108.0,2,1,"[""4S"", ""1D"", ""11D"", ""8C"", ""9H"", ""10H"", ""3D"", ""8D""]","[""4S"", ""11D"", ""10H"", ""3D"", ""8D""]","[""1H"", ""11H"", ""12H"", ""13H"", ""3C"", ""10C"", ""12C"", ""2S"", ""3S"", ""5S""]",107.7761097675562,discard_top10
13,4,discard,107.0,2,2,"[""9D"", ""2C"", ""7C"", ""1S"", ""5C"", ""8H"", ""3C"", ""13S""]","[""9D"", ""1S"", ""5C"", ""8H"", ""3C"", ""13S""]","[""1H"", ""2H"", ""4H"", ""7H"", ""9H"", ""2D"", ""5D"", ""10D"", ""1C"", ""12C"", ""13C"", ""2S"", ""7S"", ""10S""]",107.29314733177424,discard_top10
57,4,discard,104.0,3,1,"[""10C"", ""13S"", ""7H"", ""11S"", ""1H"", ""6D"", ""1S"", ""5D""]","[""10C"", ""7H"", ""1H"", ""6D"", ""1S""]","[""3H"", ""6H"", ""8H"", ""9H"", ""12H"", ""13H"", ""1D"", ""4D"", ""8D"", ""11D"", ""2C"", ""5C"", ""6C"", ""8C"", ""11C"", ""3S"", ""5S"", ""8S"", ""9S"", ""10S"", ""12S""]",104.55331906318663,discard_top10
21,7,discard,100.0,1,0,"[""1H"", ""6S"", ""1C"", ""7D"", ""13H"", ""7S"", ""5D"", ""8D""]","[""6S"", ""1C"", ""13H"", ""7S"", ""8D""]",[],100.25545922994614,discard_top10
33,3,discard,96.0,3,2,"[""2H"", ""4D"", ""2D"", ""4C"", ""6S"", ""12H"", ""1S"", ""1D""]","[""2H"", ""4C"", ""12H"", ""1S"", ""1D""]","[""1H"", ""3H"", ""4H"", ""6H"", ""7H"", ""9H"", ""10H"", ""11H"", ""3D"", ""7D"", ""8D"", ""9D"", ""11D"", ""12D"", ""3C"", ""5C"", ""6C"", ""10C"", ""11C"", ""12C"", ""8S"", ""10S"", ""12S""]",95.9876158118248,discard_top10
56,5,discard,88.0,2,1,"[""1S"", ""7C"", ""9D"", ""1C"", ""2D"", ""8D"", ""12S"", ""3H""]","[""1S"", ""9D"", ""1C"", ""2D"", ""8D"", ""12S""]","[""1H"", ""11H"", ""3D"", ""4D"", ""7D"", ""13D"", ""11C"", ""7S"", ""8S"", ""11S""]",88.19236135989428,discard_top10
58,5,discard,88.0,2,1,"[""4H"", ""8S"", ""4D"", ""3H"", ""10D"", ""7C"", ""11S"", ""3C""]","[""4H"", ""8S"", ""7C"", ""11S""]","[""2H"", ""5H"", ""7H"", ""8H"", ""9H"", ""12D"", ""13D"", ""6C"", ""9C"", ""12C"", ""6S""]",87.98292213946581,discard_top10
48,5,discard,88.0,1,2,"[""8C"", ""4S"", ""2H"", ""12H"", ""1H"", ""5C"", ""9H"", ""11S""]","[""4S"", ""5C"", ""9H"", ""11S""]","[""7H"", ""8H"", ""11H"", ""2D"", ""4C"", ""1S"", ""2S"", ""5S""]",87.94186161756515,discard_top10
71,7,discard,88.0,1,0,"[""5C"", ""8H"", ""7H"", ""10D"", ""3D"", ""2S"", ""12C"", ""1D""]","[""8H"", ""2S"", ""12C""]","[""5D"", ""3S""]",87.91341247320175,discard_top10
36,6,discard,88.0,1,1,"[""1H"", ""6S"", ""1D"", ""2H"", ""8D"", ""2C"", ""11H"", ""1C""]","[""6S"", ""2H"", ""8D"", ""2C"", ""11H"", ""1C""]","[""11D"", ""13C""]",87.69051889538765,discard_top10
79,6,discard,84.0,1,1,"[""1C"", ""1H"", ""13S"", ""10C"", ""11S"", ""10H"", ""4D"", ""7D""]","[""4D"", ""7D""]","[""6H"", ""11H"", ""1S"", ""3S""]",84.41758453071117,discard_top10
2,6,discard,83.0,1,1,"[""5C"", ""6C"", ""9S"", ""4H"", ""1H"", ""8D"", ""3D"", ""4C""]","[""5C"", ""6C"", ""1H"", ""8D"", ""3D"", ""4C""]",[],83.02122031331062,discard_top10
43,5,discard,80.0,2,1,"[""8D"", ""5D"", ""4S"", ""7H"", ""1D"", ""13C"", ""11S"", ""11D""]","[""8D"", ""1D"", ""13C"", ""11D""]","[""9H"", ""10H"", ""11H"", ""12H"", ""2D"", ""4D"", ""12D"", ""3C"", ""11C"", ""1S"", ""3S"", ""12S""]",80.37533886056393,discard_top10
51,4,discard,78.0,2,2,"[""4D"", ""9S"", ""5H"", ""10C"", ""1S"", ""6H"", ""8C"", ""1C""]","[""4D"", ""10C"", ""1S"", ""6H"", ""8C"", ""1C""]","[""2H"", ""10H"", ""2C"", ""3C"", ""4C"", ""7C"", ""11C"", ""3S"", ""5S"", ""6S"", ""10S"", ""11S"", ""12S"", ""13S""]",78.04584593862295,discard_top10
50,7,discard,76.0,1,0,"[""4H"", ""7D"", ""6C"", ""9S"", ""7H"", ""12H"", ""9H"", ""10S""]","[""4H"", ""9S"", ""12H"", ""9H"", ""10S""]","[""4C""]",75.61390847504138,discard_top10
84,5,discard,72.0,2,1,"[""4H"", ""8S"", ""9H"", ""9D"", ""11C"", ""1D"", ""5C"", ""13H""]","[""8S"", ""1D"", ""13H""]","[""5H"", ""6H"", ""8H"", ""11H"", ""12H"", ""4D"", ""6D"", ""3C"", ""7C"", ""1S"", ""4S"", ""5S"", ""13S""]",72.02482372492551,discard_top10
69,4,discard,71.0,2,2,"[""9C"", ""12H"", ""2S"", ""3C"", ""8C"", ""13S"", ""6C"", ""1D""]","[""2S"", ""3C"", ""6C"", ""1D""]","[""5H"", ""7H"", ""13H"", ""4D"", ""6D"", ""9D"", ""13D"", ""2C"", ""5C"", ""7C"", ""12C"", ""1S"", ""3S"", ""4S"", ""8S"", ""11S""]",71.40789433658124,discard_top10
89,3,discard,71.0,3,2,"[""10H"", ""13H"", ""2D"", ""11C"", ""8S"", ""5H"", ""4S"", ""12S""]","[""10H"", ""2D"", ""11C"", ""5H"", ""4S""]","[""3H"", ""4H"", ""6H"", ""11H"", ""12H"", ""6D"", ""8D"", ""9D"", ""12D"", ""2C"", ""3C"", ""4C"", ""5C"", ""6C"", ""7C"", ""8C"", ""9C"", ""10C"", ""12C"", ""1S"", ""6S"", ""11S"", ""13S""]",71.19332071602345,discard_top10
52,2,discard,67.0,4,2,"[""1C"", ""3H"", ""11S"", ""12D"", ""2D"", ""13D"", ""7H"", ""6C""]","[""1C"", ""12D"", ""13D"", ""7H"", ""6C""]","[""1H"", ""2H"", ""6H"", ""9H"", ""10H"", ""11H"", ""12H"", ""13H"", ""1D"", ""3D"", ""5D"", ""7D"", ""8D"", ""10D"", ""11D"", ""3C"", ""4C"", ""7C"", ""8C"", ""10C"", ""12C"", ""13C"", ""2S"", ""3S"", ""4S"", ""5S"", ""6S"", ""7S"", ""8S"", ""12S"", ""13S""]",67.05330782622099,discard_top10
78,3,discard,60.0,3,2,"[""1D"", ""12C"", ""6C"", ""10S"", ""3S"", ""8H"", ""12H"", ""4S""]","[""1D"", ""3S"", ""8H""]","[""1H"", ""2H"", ""3H"", ""4H"", ""5H"", ""6H"", ""7H"", ""10H"", ""11H"", ""7D"", ""8D"", ""9D"", ""11D"", ""1C"", ""3C"", ""4C"", ""5C"", ""8C"", ""10C"", ""11C"", ""1S"", ""2S"", ""7S"", ""9S"", ""11S""]",60.78953084334731,discard_top10
44,3,discard,60.0,3,2,"[""5H"", ""6C"", ""3D"", ""10D"", ""13H"", ""5D"", ""8S"", ""1D""]","[""5H"", ""3D"", ""10D"", ""5D""]","[""1H"", ""8H"", ""9H"", ""11H"", ""12H"", ""4D"", ""8D"", ""9D"", ""11D"", ""12D"", ""2C"", ""3C"", ""4C"", ""5C"", ""7C"", ""8C"", ""11C"", ""13C"", ""1S"", ""2S"", ""3S"", ""4S"", ""9S"", ""12S""]",60.292089453935624,discard_top10
90,6,discard,60.0,1,1,"[""1S"", ""3S"", ""8D"", ""10S"", ""10D"", ""12S"", ""4C"", ""3D""]","[""8D"", ""12S"", ""3D""]","[""11C"", ""8S""]",59.975373238921165,discard_top10
16,5,discard,59.0,3,0,"[""2H"", ""5D"", ""2S"", ""1C"", ""13H"", ""1D"", ""12D"", ""6H""]","[""2S"", ""1C"", ""1D"", ""12D"", ""6H""]","[""8H"", ""9H"", ""2D"", ""3D"", ""11D"", ""7C"", ""9C"", ""12C"", ""3S"", ""6S"", ""7S"", ""8S"", ""9S""]",59.16412754252553,discard_top10
57,6,discard,59.0,2,0,"[""13H"", ""12H"", ""10S"", ""8H"", ""5S"", ""1D"", ""6C"", ""2C""]","[""13H"", ""5S"", ""1D"", ""6C"", ""2C""]","[""3H"", ""6H"", ""9H"", ""4D"", ""11D"", ""11C"", ""8S"", ""12S""]",59.07700188010931,discard_top10
20,3,discard,56.0,3,2,"[""4H"", ""6S"", ""3C"", ""2S"", ""9H"", ""6D"", ""11C"", ""12S""]","[""4H"", ""3C"", ""2S"", ""6D""]","[""3H"", ""5H"", ""8H"", ""11H"", ""13H"", ""2D"", ""4D"", ""5D"", ""7D"", ""13D"", ""4C"", ""5C"", ""7C"", ""8C"", ""10C"", ""12C"", ""13C"", ""1S"", ""5S"", ""7S"", ""8S"", ""9S"", ""10S"", ""13S""]",56.37481914520264,discard_top10
16,3,discard,56.0,3,2,"[""10S"", ""5H"", ""4D"", ""6C"", ""8C"", ""13S"", ""5C"", ""2H""]","[""10S"", ""4D"", ""6C"", ""8C"", ""13S""]","[""6H"", ""8H"", ""9H"", ""11H"", ""12H"", ""13H"", ""1D"", ""2D"", ""3D"", ""7D"", ""11D"", ""12D"", ""13D"", ""1C"", ""7C"", ""9C"", ""12C"", ""3S"", ""5S"", ""6S"", ""7S"", ""8S"", ""9S""]",55.98861428558826,discard_top10
32,6,discard,0.0,2,0,"[""1H"", ""5D"", ""4C"", ""4D"", ""12D"", ""10H"", ""6D"", ""12S""]","[""5D"", ""4C"", ""12D""]","[""4H"", ""8H"", ""12H"", ""8D"", ""3C"", ""5C"", ""1S"", ""2S"", ""5S"", ""13S""]",-0.4856188017129897,discard_bottom10
30,5,discard,0.0,1,2,"[""13D"", ""5H"", ""11D"", ""6S"", ""13H"", ""10S"", ""11S"", ""2H""]","[""13D"", ""11D"", ""6S"", ""2H""]","[""1H"", ""6H"", ""7D"", ""5C"", ""10C"", ""11C"", ""12C"", ""4S""]",-0.4358461099863052,discard_bottom10
92,7,discard,0.0,1,0,"[""4S"", ""3S"", ""1C"", ""9C"", ""2D"", ""4C"", ""12S"", ""2S""]","[""3S"", ""2D"", ""4C"", ""12S"", ""2S""]","[""8C""]",-0.4227036845684051,discard_bottom10
15,7,discard,0.0,1,0,"[""5D"", ""7H"", ""11S"", ""8H"", ""2H"", ""13H"", ""11H"", ""9C""]","[""7H"", ""8H"", ""11H""]","[""3H"", ""5H"", ""7D"", ""12C""]",-0.4156575357913972,discard_bottom10
58,6,discard,0.0,2,0,"[""4D"", ""3H"", ""10D"", ""3C"", ""5C"", ""1D"", ""10C"", ""3S""]","[""4D"", ""5C"", ""1D"", ""10C""]","[""5H"", ""7H"", ""9H"", ""12D"", ""13D"", ""6C"", ""6S""]",-0.4127069389820098,discard_bottom10
43,4,discard,0.0,2,2,"[""10S"", ""8D"", ""6H"", ""5D"", ""4S"", ""9S"", ""13D"", ""7H""]","[""10S"", ""6H"", ""9S"", ""13D""]","[""5H"", ""9H"", ""10H"", ""11H"", ""12H"", ""2D"", ""4D"", ""7D"", ""12D"", ""3C"", ""11C"", ""1S"", ""2S"", ""3S"", ""7S"", ""12S""]",-0.4029696597158909,discard_bottom10
27,3,discard,0.0,3,2,"[""9C"", ""1C"", ""3S"", ""6D"", ""10C"", ""2S"", ""2D"", ""10S""]","[""9C"", ""6D"", ""10S""]","[""2H"", ""3H"", ""4H"", ""5H"", ""6H"", ""8H"", ""11H"", ""13H"", ""1D"", ""3D"", ""4D"", ""8D"", ""9D"", ""10D"", ""13D"", ""2C"", ""3C"", ""4C"", ""7C"", ""8C"", ""11C"", ""4S"", ""7S"", ""8S"", ""13S""]",-0.3986009125784039,discard_bottom10
94,5,discard,0.0,2,1,"[""2D"", ""13C"", ""8S"", ""8H"", ""9C"", ""10H"", ""2S"", ""11D""]","[""2D"", ""8H"", ""10H"", ""11D""]","[""1H"", ""2H"", ""4D"", ""6D"", ""9D"", ""1C"", ""4C"", ""10C"", ""12C"", ""6S"", ""10S""]",-0.3915932905673981,discard_bottom10
40,4,discard,0.0,3,1,"[""10H"", ""1H"", ""5C"", ""12S"", ""9C"", ""4C"", ""6H"", ""7C""]","[""10H"", ""12S"", ""9C"", ""7C""]","[""2H"", ""4H"", ""5H"", ""9H"", ""11H"", ""12H"", ""3D"", ""6D"", ""7D"", ""12D"", ""13D"", ""6C"", ""8C"", ""11C"", ""2S"", ""3S"", ""7S"", ""10S"", ""13S""]",-0.3665760979056358,discard_bottom10
75,6,discard,0.0,2,0,"[""3D"", ""3C"", ""2C"", ""10S"", ""10C"", ""12H"", ""2H"", ""4D""]","[""3D"", ""3C"", ""10S"", ""12H"", ""2H"", ""4D""]","[""4H"", ""8H"", ""5C"", ""6C"", ""8C"", ""3S""]",-0.3623943525552749,discard_bottom10
83,4,discard,0.0,2,2,"[""12D"", ""5S"", ""6S"", ""4H"", ""12C"", ""11C"", ""1C"", ""13D""]","[""12D"", ""4H"", ""11C"", ""13D""]","[""1H"", ""3H"", ""8H"", ""10H"", ""13H"", ""2D"", ""4D"", ""5D"", ""11D"", ""3C"", ""4C"", ""9C"", ""13C"", ""3S"", ""9S"", ""12S""]",-0.3366698968410492,discard_bottom10
81,4,discard,0.0,2,2,"[""12C"", ""12H"", ""8S"", ""6D"", ""8D"", ""6H"", ""9H"", ""2H""]","[""12C"", ""6D"", ""9H""]","[""1H"", ""4H"", ""5H"", ""10H"", ""11H"", ""2D"", ""3D"", ""10D"", ""13D"", ""6C"", ""9C"", ""1S"", ""2S"", ""6S"", ""11S"", ""12S"", ""13S""]",-0.3242520093917846,discard_bottom10
65,6,discard,0.0,2,0,"[""12H"", ""7D"", ""6S"", ""4S"", ""12S"", ""1C"", ""7S"", ""9D""]","[""12H"", ""4S"", ""1C"", ""7S"", ""9D""]","[""2H"", ""3H"", ""5D"", ""12D"", ""13D"", ""5C"", ""2S"", ""11S""]",-0.3233423274755478,discard_bottom10
42,4,discard,0.0,2,2,"[""1D"", ""12H"", ""5C"", ""7D"", ""9C"", ""7S"", ""7C"", ""9D""]","[""1D"", ""12H"", ""7S"", ""9D""]","[""1H"", ""3H"", ""6H"", ""8H"", ""9H"", ""13H"", ""2D"", ""6D"", ""12D"", ""4C"", ""6C"", ""4S"", ""6S"", ""8S"", ""9S"", ""12S""]",-0.3204500663280487,discard_bottom10
17,4,discard,0.0,2,2,"[""12D"", ""8S"", ""4C"", ""1D"", ""12S"", ""1S"", ""8D"", ""13D""]","[""12S"", ""1S"", ""8D""]","[""3H"", ""7H"", ""8H"", ""10H"", ""11H"", ""12H"", ""3D"", ""6D"", ""11D"", ""1C"", ""2C"", ""5C"", ""8C"", ""12C"", ""3S"", ""10S"", ""13S""]",-0.3200686280429363,discard_bottom10
16,4,discard,0.0,3,1,"[""5H"", ""5C"", ""2H"", ""9D"", ""5D"", ""1S"", ""10H"", ""2S""]","[""5H"", ""5C"", ""9D"", ""1S"", ""10H""]","[""8H"", ""9H"", ""11H"", ""12H"", ""2D"", ""3D"", ""7D"", ""11D"", ""13D"", ""7C"", ""9C"", ""12C"", ""3S"", ""5S"", ""6S"", ""7S"", ""8S"", ""9S""]",-0.3152164366841316,discard_bottom10
20,7,discard,0.0,1,0,"[""9S"", ""13D"", ""10S"", ""8H"", ""5C"", ""4D"", ""7D"", ""13S""]","[""9S"", ""5C"", ""4D"", ""7D"", ""13S""]","[""12C""]",-0.3095217633247376,discard_bottom10
68,6,discard,0.0,2,0,"[""11D"", ""4H"", ""6D"", ""2C"", ""8C"", ""11S"", ""2D"", ""5H""]","[""11D"", ""6D"", ""8C"", ""11S""]","[""10H"", ""9D"", ""10D"", ""6C"", ""5S"", ""7S"", ""12S""]",-0.3082950502634048,discard_bottom10
15,3,discard,0.0,3,2,"[""1H"", ""9H"", ""11D"", ""10C"", ""2C"", ""10S"", ""8S"", ""12D""]","[""1H"", ""10C"", ""10S"", ""8S""]","[""2H"", ""3H"", ""5H"", ""6H"", ""7H"", ""8H"", ""10H"", ""11H"", ""13H"", ""3D"", ""5D"", ""6D"", ""7D"", ""8D"", ""9D"", ""10D"", ""9C"", ""11C"", ""12C"", ""2S"", ""3S"", ""5S"", ""9S"", ""11S""]",-0.3063825631141662,discard_bottom10
89,5,discard,0.0,2,1,"[""6S"", ""4H"", ""1S"", ""9C"", ""13S"", ""12C"", ""6H"", ""10C""]","[""6S"", ""1S"", ""9C"", ""13S"", ""6H"", ""10C""]","[""3H"", ""12H"", ""6D"", ""12D"", ""2C"", ""3C"", ""5C"", ""8C"", ""11S""]",-0.2964493805170058,discard_bottom10
21,6,discard,0.0,1,1,"[""1H"", ""9H"", ""2H"", ""3C"", ""6S"", ""3S"", ""3D"", ""2C""]","[""9H"", ""2H"", ""3C"", ""3S"", ""3D"", ""2C""]","[""4D"", ""6D"", ""11D"", ""11S""]",-0.2882562071084976,discard_bottom10
45,5,discard,0.0,1,2,"[""3S"", ""1C"", ""3D"", ""9H"", ""11S"", ""13C"", ""1H"", ""11D""]","[""1C"", ""9H"", ""13C"", ""1H"", ""11D""]","[""9D"", ""5C"", ""9C"", ""1S"", ""2S"", ""5S"", ""10S""]",-0.2785746014118194,discard_bottom10
22,6,discard,0.0,1,1,"[""5H"", ""6D"", ""11C"", ""9S"", ""11D"", ""9H"", ""1H"", ""5C""]","[""11D"", ""9H"", ""1H""]","[""6H"", ""12D"", ""3C"", ""8C"", ""4S""]",-0.2673369425535201,discard_bottom10
99,4,discard,0.0,2,2,"[""6D"", ""2C"", ""1H"", ""13H"", ""8C"", ""3H"", ""4D"", ""12D""]","[""6D"", ""13H"", ""3H"", ""4D"", ""12D""]","[""2H"", ""5H"", ""8H"", ""11H"", ""1D"", ""8D"", ""10D"", ""1C"", ""5C"", ""6C"", ""10C"", ""12C"", ""13C"", ""8S"", ""11S""]",-0.2620249944925308,discard_bottom10
56,4,discard,0.0,2,2,"[""5D"", ""1S"", ""7C"", ""10D"", ""9D"", ""5H"", ""6D"", ""1C""]","[""5D"", ""10D"", ""5H"", ""6D""]","[""1H"", ""6H"", ""11H"", ""3D"", ""4D"", ""7D"", ""13D"", ""3C"", ""10C"", ""11C"", ""4S"", ""5S"", ""6S"", ""7S"", ""8S"", ""11S""]",-0.2587878292798996,discard_bottom10
100,6,discard,0.0,1,1,"[""2S"", ""6H"", ""2D"", ""5C"", ""10C"", ""2C"", ""6S"", ""7S""]","[""6H"", ""2C""]","[""7D"", ""3C"", ""8C"", ""11C"", ""1S"", ""3S"", ""10S""]",-0.2527703773975371,discard_bottom10
62,4,discard,0.0,2,2,"[""7H"", ""3S"", ""12S"", ""2C"", ""8S"", ""2S"", ""4D"", ""10C""]","[""7H"", ""12S"", ""2S"", ""4D"", ""10C""]","[""8H"", ""12H"", ""3D"", ""7D"", ""8D"", ""9D"", ""13D"", ""5C"", ""6C"", ""9C"", ""11C"", ""1S"", ""5S"", ""9S"", ""10S""]",-0.2462148885428905,discard_bottom10
5,7,discard,0.0,1,0,"[""4S"", ""8S"", ""3S"", ""2H"", ""7C"", ""7H"", ""10C"", ""6H""]","[""8S"", ""7H""]","[""1S"", ""6S""]",-0.242312490940094,discard_bottom10
33,5,discard,0.0,2,1,"[""3H"", ""6C"", ""12C"", ""12S"", ""8D"", ""11H"", ""9H"", ""7H""]","[""3H"", ""12C"", ""12S"", ""9H""]","[""1H"", ""4H"", ""6H"", ""10H"", ""7D"", ""9D"", ""3C"", ""5C"", ""10C"", ""11C"", ""8S""]",-0.2353897228837013,discard_bottom10
92,5,discard,0.0,1,2,"[""4S"", ""13D"", ""10C"", ""3S"", ""1C"", ""11C"", ""9C"", ""11D""]","[""10C"", ""11C"", ""11D""]","[""6H"", ""1D"", ""10D"", ""4C"", ""7C"", ""8C"", ""2S"", ""12S"", ""13S""]",-0.2289804333448409,discard_bottom10
46,3,discard,0.0,3,2,"[""2C"", ""4C"", ""8C"", ""2D"", ""4H"", ""12S"", ""12C"", ""9S""]","[""2C"", ""4C"", ""8C"", ""2D"", ""12S""]","[""2H"", ""3H"", ""9H"", ""12H"", ""1D"", ""5D"", ""6D"", ""7D"", ""8D"", ""10D"", ""12D"", ""1C"", ""3C"", ""9C"", ""10C"", ""11C"", ""1S"", ""3S"", ""4S"", ""6S"", ""7S"", ""8S"", ""11S""]",-0.2278985857963562,discard_bottom10
64,5,discard,0.0,1,2,"[""4H"", ""12S"", ""8D"", ""13C"", ""1S"", ""13H"", ""2H"", ""2C""]","[""4H"", ""8D"", ""13H"", ""2H"", ""2C""]","[""1H"", ""2D"", ""6D"", ""6C"", ""5S"", ""8S"", ""9S""]",-0.2261545473337173,discard_bottom10
94,7,discard,0.0,1,0,"[""10C"", ""1H"", ""6S"", ""12C"", ""10S"", ""4C"", ""1C"", ""2H""]","[""6S"", ""4C"", ""2H""]",[],-0.2261094951629638,discard_bottom10
19,4,discard,0.0,2,2,"[""2C"", ""4C"", ""13S"", ""13D"", ""9C"", ""11D"", ""9S"", ""12D""]","[""13D""]","[""1H"", ""2H"", ""2D"", ""5D"", ""6D"", ""7D"", ""9D"", ""10D"", ""1C"", ""3C"", ""5C"", ""6C"", ""7C"", ""8C"", ""12C"", ""13C"", ""5S"", ""6S"", ""10S""]",-0.2141571834683418,discard_bottom10
32,4,discard,0.0,3,1,"[""6S"", ""10S"", ""3D"", ""11S"", ""3H"", ""11H"", ""11D"", ""2D""]","[""6S"", ""11S"", ""11D""]","[""1H"", ""4H"", ""8H"", ""10H"", ""12H"", ""4D"", ""5D"", ""6D"", ""8D"", ""12D"", ""3C"", ""4C"", ""5C"", ""8C"", ""11C"", ""1S"", ""2S"", ""4S"", ""5S"", ""12S"", ""13S""]",-0.2087673326209187,discard_bottom10
8,3,discard,0.0,3,2,"[""9C"", ""3D"", ""9D"", ""5H"", ""13S"", ""10D"", ""1S"", ""12C""]","[""9C"", ""5H"", ""10D"", ""1S""]","[""3H"", ""6H"", ""8H"", ""10H"", ""11H"", ""12H"", ""13H"", ""1D"", ""2D"", ""7D"", ""8D"", ""11D"", ""2C"", ""3C"", ""5C"", ""8C"", ""13C"", ""3S"", ""4S"", ""5S"", ""7S"", ""9S"", ""10S"", ""12S""]",-0.206188458353281,discard_bottom10
31,5,discard,0.0,2,1,"[""7H"", ""1D"", ""5H"", ""3C"", ""10D"", ""12C"", ""8D"", ""3D""]","[""7H"", ""10D"", ""8D""]","[""2H"", ""3H"", ""10H"", ""2D"", ""4C"", ""5C"", ""6C"", ""13C"", ""1S"", ""2S"", ""3S"", ""8S"", ""11S""]",-0.1928538769483566,discard_bottom10
88,4,discard,0.0,2,2,"[""5C"", ""12C"", ""7D"", ""13C"", ""9D"", ""3D"", ""2C"", ""10H""]","[""5C"", ""13C"", ""3D"", ""2C""]","[""1H"", ""3H"", ""4H"", ""5H"", ""6H"", ""8H"", ""11H"", ""11D"", ""13D"", ""4C"", ""9C"", ""11C"", ""1S"", ""4S"", ""5S"", ""8S""]",-0.1837015172839164,discard_bottom10
